affix_id,name_cn,target,value_kind,value_min,value_max,allow_slots,min_rarity,weight,desc
af_str_01,力,attr:str,attr_point,1,4,weapon|body|ring,fine,100,直接加属性点
af_con_01,体,attr:con,attr_point,1,4,body|belt|shoulder|necklace,fine,100,直接加属性点
af_agi_01,敏,attr:agi,attr_point,1,4,weapon|legs|ring,fine,100,直接加属性点
af_int_01,智,attr:int,attr_point,1,4,weapon|belt|necklace,fine,100,直接加属性点
af_luk_01,运,attr:luk,attr_point,1,3,ring|necklace,rare,60,直接加属性点
af_atk_phys_01,外功攻击,stat:atk_phys,flat,3,10,weapon,common,120,
af_atk_qi_01,内功攻击,stat:atk_qi,flat,3,10,weapon|ring,fine,80,
af_def_phys_01,外功防御,stat:def_phys,flat,2,8,body|shoulder|legs,common,120,
af_hp_max_01,气血上限,stat:hp_max,flat,15,40,body|belt|shoulder|necklace,common,120,
af_speed_01,身法,stat:speed,flat,1,3,weapon|legs|ring,fine,70,
af_crit_rate_01,暴击率,stat:crit_rate,rate,0.01,0.04,weapon|ring,rare,50,
af_crit_dmg_01,暴击伤害,stat:crit_dmg,rate,0.05,0.15,weapon|ring,rare,45,
af_poison_01,中毒触发率,stat:debuff_chance,rate,0.03,0.08,weapon|ring,rare,40,仅对毒系招式生效
af_burn_01,灼伤触发率,stat:debuff_chance,rate,0.03,0.08,weapon|ring,rare,40,仅对火系招式生效
af_poise_01,破架势,stat:poise_break,flat,2,6,weapon,fine,70,
af_regen_01,气血回复,stat:hp_regen,flat,0.5,1.5,body|necklace,fine,50,
af_block_rate_01,格挡率,stat:block_rate,rate,0.02,0.05,body|shoulder,rare,50,
af_block_red_01,格挡减伤率,stat:block_reduction,rate,0.05,0.12,shoulder,rare,45,
af_pen_rate_01,穿透率,stat:pen_rate,rate,0.02,0.06,weapon|ring,rare,45,
af_dmg_red_01,减伤率,stat:dmg_reduction,rate,0.02,0.05,body|shoulder|necklace,epic,25,
