grant_id,source_type,source_id,buff_id,trigger,stacks,note
gr_pf_xuanwei_01,skill_passive,pf_xuanwei_01,buff_yunqi,on_cast,1,
gr_pf_xuanwei_02,skill_passive,pf_xuanwei_02,buff_yunqi,on_cast,1,
gr_pf_xuanwei_03,skill_passive,pf_xuanwei_03,buff_yunqi,on_cast,1,
gr_pf_xuanwei_04,skill_passive,pf_xuanwei_04,buff_yunqi,on_cast,1,
gr_pf_xuanwei_05,skill_passive,pf_xuanwei_05,buff_taiping,on_cast,1,
gr_pf_wudu_01,skill_passive,pf_wudu_01,buff_yunqi,on_cast,1,
gr_pf_wudu_02,skill_passive,pf_wudu_02,buff_yunqi,on_cast,1,
gr_pf_wudu_03,skill_passive,pf_wudu_03,buff_yunqi,on_cast,1,
gr_pf_wudu_04,skill_passive,pf_wudu_04,buff_venom_edge,on_cast,1,
gr_pf_heifeng_01,skill_passive,pf_heifeng_01,buff_yunqi,on_cast,1,
gr_pf_heifeng_02,skill_passive,pf_heifeng_02,buff_yunqi,on_cast,1,
gr_pf_heifeng_03,skill_passive,pf_heifeng_03,buff_yunqi,on_cast,1,
gr_pf_chensha_01,skill_passive,pf_chensha_01,buff_yunqi,on_cast,1,
gr_pf_chensha_02,skill_passive,pf_chensha_02,buff_yunqi,on_cast,1,
gr_pf_chensha_03,skill_passive,pf_chensha_03,buff_yunqi,on_cast,1,
gr_pf_tieqiang_01,skill_passive,pf_tieqiang_01,buff_yunqi,on_cast,1,
gr_pf_tieqiang_02,skill_passive,pf_tieqiang_02,buff_yunqi,on_cast,1,
gr_pf_yaowang_01,skill_passive,pf_yaowang_01,buff_yunqi,on_cast,1,
gr_pf_yaowang_02,skill_passive,pf_yaowang_02,buff_life_ward,on_cast,1,
gr_pf_yaowang_03,skill_passive,pf_yaowang_03,buff_yunqi,on_cast,1,
gr_pf_taixu_01,skill_passive,pf_taixu_01,buff_yunqi,on_cast,1,
gr_pf_luohan_01,skill_passive,pf_luohan_01,buff_yunqi,on_cast,1,
gr_pf_drunk_01,skill_passive,pf_drunk_01,buff_yunqi,on_cast,1,
gr_pf_drunk_02,skill_passive,pf_drunk_02,buff_drunk_mastery,on_cast,1,
gr_eq_sword_04,equip,eq_sword_04,buff_rusty_moon,on_equip,1,
gr_eq_head_01,equip,eq_head_01,buff_old_chief,on_equip,1,
gr_eq_ring_03,equip,eq_ring_03,buff_poison_amp,on_hit,1,
gr_eq_acc_02,equip,eq_acc_02,buff_regen,on_battle_start,1,
gr_sk_drunk_zuibu,skill_active,sk_drunk_zuibu,buff_zuibu,on_cast,1,
gr_set_heifeng_2,set,set_heifeng,buff_set_heifeng_2,on_battle_start,1,
gr_set_heifeng_4,set,set_heifeng,buff_set_heifeng_4,on_battle_start,1,
gr_set_xuanwei_sword_3,set,set_xuanwei_sword,buff_set_xuanwei_sword_3,on_battle_start,1,
gr_set_xuanwei_sword_5,set,set_xuanwei_sword,buff_set_xuanwei_sword_5,on_battle_start,1,
gr_set_xuanwei_qi_4,set,set_xuanwei_qi,buff_set_xuanwei_qi_4,on_battle_start,1,
gr_set_xuanwei_qi_7,set,set_xuanwei_qi,buff_set_xuanwei_qi_7,on_battle_start,1,
