buff_id,target,value,note
buff_guard,stat:dmg_reduction,0.25,
buff_guard,stat:def_phys,15,
buff_taiping,stat:qi_max,60,
buff_taiping,stat:qi_regen,2.0,
buff_taiping,attr:int,3,
buff_venom_edge,stat:debuff_power,0.30,
buff_venom_edge,stat:debuff_chance,0.20,
buff_life_ward,stat:hp_regen,4.0,
buff_life_ward,stat:hp_max,40,
buff_drunk_mastery,stat:dodge_rate,0.12,
buff_drunk_mastery,stat:crit_dmg,0.15,
buff_rusty_moon,attr:agi,4,
buff_rusty_moon,stat:crit_rate,0.05,
buff_old_chief,attr:str,3,
buff_old_chief,attr:con,3,
buff_old_chief,stat:block_reduction,0.08,
buff_regen,stat:hp_regen,3.0,
buff_zuibu,stat:dodge_rate,0.20,
buff_zuibu,stat:speed,3,
buff_set_heifeng_2,attr:str,3,
buff_set_heifeng_4,stat:poise_break,8,
buff_set_heifeng_4,attr:str,4,
buff_set_xuanwei_sword_3,attr:agi,3,
buff_set_xuanwei_sword_5,stat:crit_rate,0.06,
buff_set_xuanwei_sword_5,stat:pen_rate,0.06,
buff_set_xuanwei_qi_4,stat:qi_max,40,
buff_set_xuanwei_qi_7,stat:qi_regen,2.0,
buff_set_xuanwei_qi_7,stat:res_internal,0.10,
buff_meditated,stat:qi_regen,1.5,
buff_meal,stat:hp_regen,1.0,
buff_meal,stat:hp_max,20,
