node_id,speaker_id,sort_order,text_cn,condition,next_node_id,note
dl_huangcun_chen,npc_huangcun,1,（眼神躲闪）你……你是什么人？,,,台词暂用 npc_def.greet_text_cn（等文案给正式台词）；选项照 20 号 §四 幕三
dl_qingfengyi_ci,ch_ci,1,救人是好事。可你晓得他们为什么要沈家小姐？山贼要钱，不要人。要人，就是另有缘故。,,,20 号 §四 幕一·客栈里的绿林客（逐字）；说她是同伴，所以没有 npc_def 行
dl_ledger_choice,npc_shen_yanhui,2,账册最后几页，夹着一份活人名册——陈氏、老周，都在上头。送出去是铁证，也是催命的凭据。你打算怎么办？,flag_heifeng_confront&item:item_bd_ledger&!flag_ledger_public&!flag_ledger_buried&!flag_ledger_scattered,,20 号 §七 终局难题（幕五对质之后）；说话人是沈雁回（§七：她要真相）；**正式台词（文案批次 0.32.0）**
dl_shen_cell,npc_shen_yanhui,1,你是来领那三十两的？,!flag_heifeng_confront,,20 号 §四 幕四·寨门与地牢（逐字）；打赢大寨主（对质）之后这句就不再是入口，改问账册那件事
dl_opening_choice,player,1,「沈氏有女，为黑风寨所掳。赎金议而不谐。有能救归者，谢银三十两。」——你为什么要接这桩事？,!heart_yi&!heart_mou&!heart_li,,20 号 §3.1 序幕·择念（告示原文与那一问逐字）；说话人记号 `player` = 主角自己；问过就不再问（心性一次定死）
dl_open_li,player,9,你摸了摸袖底最后几文钱。江湖第一课，是先活着。,,,20 §3.1「三十两。」那条的心理独白（逐字）
dl_open_mou,player,9,你认得这种字。你家里也有人这样写字，写着写着，把家写没了。,,,20 §3.1「告示上的字，是账房体。」那条的心理独白（逐字）
dl_open_yi,player,9,有些账，别人早忘了。你不敢忘。,,,20 §3.1「十年前也有一桩事，也在这条河上。」那条的心理独白（逐字）
dl_ledger_reply_public,npc_shen_yanhui,20,你选了我想要的。……可我不知道，往后会不会后悔。,flag_ledger_public,,幕结最后一句·呈官（文案批次 0.32.0；由 opt_ledger_public 跳进来）
dl_ledger_reply_buried,npc_shen_yanhui,21,你把账烧了。那我这十年，算什么？,flag_ledger_buried,,幕结最后一句·沉底（文案批次 0.32.0）
dl_ledger_reply_scattered,npc_shen_yanhui,22,从今天起，江湖上每个人手里都有一页——包括我。谁都下不了船了。,flag_ledger_scattered,,幕结最后一句·散页（文案批次 0.32.0；接「白鹭渡」）
dl_shen_why,npc_shen_yanhui,3,你为什么帮我？,!flag_heifeng_confront,,20 号 §五 幕四（问句逐字）；三句回答由文案补（0.32.0）；sort_order 排在 dl_shen_cell（1）之后，不抢入口
dl_shen_why_yi,npc_shen_yanhui,4,……话说得这么钝，倒像真的。,!flag_heifeng_confront,,对「义」答的反应（应答句；条件写「这一拍还没过去」，见稿件 §0.1）
dl_shen_why_mou,npc_shen_yanhui,5,你连问，都问得这么省。……行。,!flag_heifeng_confront,,对「谋」答的反应
dl_shen_why_li,npc_shen_yanhui,6,三十两。……我信把话说白的人，不信好人。,!flag_heifeng_confront,,对「利」答的反应（呼应设计原文「实话，说得不难听」）
dl_pei_relic_scholar_fallen,npc_pei_wujiu,1,你袖子里那个，拿出来我看看。……唔。名册上有这个名字。,origin:scholar_fallen&!flag_heifeng_confront,,幕五对质·战前第一拍（书生：父亲抄过的半页残账）
dl_pei_relic_gang,npc_pei_wujiu,2,你腰上那截断头……威远的人？不。你是替别家镖局背的。,origin:ch_gang&!flag_heifeng_confront,,同上（镖局武夫：师父留下的断镖头）
dl_pei_relic_du,npc_pei_wujiu,3,那个空瓶，是药王谷的。你从谷里出来的时候，带走了什么？,origin:ch_du&!flag_heifeng_confront,,同上（药王谷弃徒：一只空药瓶）
dl_pei_relic_ci,npc_pei_wujiu,4,铜鱼符断成两半，另一半在谁手里？——你义兄。,origin:ch_ci&!flag_heifeng_confront,,同上（绿林出身：义兄的半枚铜鱼符）
dl_pei_relic_qi,npc_pei_wujiu,5,你那张方子没写完。写它的人，也在这本账上。,origin:ch_qi&!flag_heifeng_confront,,同上（江湖游医：一张没写完的旧方子）
dl_pei_confront,npc_pei_wujiu,6,账册，在你手上？,!flag_heifeng_confront,,20 号 §五 幕五（逐字）；顶着三条战前选项的就是它
dl_pei_why,npc_pei_wujiu,7,解释给谁听？十年前我把船上的事写成状，递到漕运司，递到衙门，递到京城。回话的人问我：你一个漕帮的，凭什么说银子是官船搬走的？他们不是不信。他们是不想信。,!flag_heifeng_confront,,「你为什么不解释？」的应答；「半段旧案」并成一行（拍板⑤）
dl_pei_blood,npc_pei_wujiu,8,够多。多到不差你一个。,!flag_heifeng_confront,,20 号 §五 幕五（逐字）
dl_pei_ledger,npc_pei_wujiu,9,你要的是账，不是理。,!flag_heifeng_confront,,20 号 §五 幕五（逐字）
dl_pei_after,npc_pei_wujiu,10,你拿得走账册，拿不走这座山。,flag_heifeng_confront,,20 号 §五 幕五（逐字）；战后一句，接回图后的终局难题
dl_end_yi,player,30,你没把人命算进价钱里。往后走在江边，会有人记得你——虽然未必都是好事。你的江湖从一张告示开始，会从一本账继续。,flag_open_yi&flag_ledger_public|flag_ledger_buried|flag_ledger_scattered,,幕结旁白·义·「仗义」（0.32.0；末句是设计原句）；**Q84（2026-10-04）加了「终局已经选过」前置**——读法：`&` 先拆、再拆 `|`，所以是「flag_open_yi 且 账册三选一任一」；这样它在序幕一选完不会冒出来
dl_end_mou,player,31,你把每一句话都记在心里，像记账。账总要平，只是不知道最后谁来还。你的江湖从一张告示开始，会从一本账继续。,flag_open_mou&flag_ledger_public|flag_ledger_buried|flag_ledger_scattered,,幕结旁白·谋·「多谋」；前置同上（Q84）
dl_end_li,player,32,三十两到手了，你却比来时更穷——有些东西没法用钱数。你的江湖从一张告示开始，会从一本账继续。,flag_open_li&flag_ledger_public|flag_ledger_buried|flag_ledger_scattered,,幕结旁白·利·「趋利」；前置同上（Q84）
dl_luoyanpo_lin,ch_gang,1,站住——车那边别过来。你是黑风寨的人？这车我拖了十年，谁也别想碰。,!flag_luoyanpo_met,,幕二入口（20 §五 幕二）；他把你当山贼眼线
dl_lin_wei,ch_gang,2,威远镖局，早没了。你既知道这四个字，就该知道这车底下埋的是什么。,!flag_luoyanpo_met,,「威远镖局的人？」的应答（20 §五 幕二）
dl_lin_buy,ch_gang,3,买？……你当这是块地？这车上死过人。,!flag_luoyanpo_met,,「这车，我买了。」的应答（20 §五 幕二）
dl_lin_silent,ch_gang,4,不用说了。,!flag_luoyanpo_met,,「直接拔剑」的应答：设计写着这条「少一段交心」，所以只有这一句
dl_lin_heart,ch_gang,5,十年前的镖。官差说，银子在车上，被我们镖局的人吞了。车是空的。我拖了这辆车十年，就想找一个人肯信我——银子根本没上过车。,flag_luoyanpo_met&!flag_lin_silent,,20 §五 幕二逐字（原文三句排比合成一节点）；**刻意不挂到任何选项上**——被选项指到的节点会被 entry_node 当接续排除，那样威／买／拔剑三条路就永远取不到这句（2026-10-04 落表时发现）
dl_lin_short,ch_gang,6,车是空的。我拖了十年。,flag_luoyanpo_met&flag_lin_silent,,「直接拔剑」那条的收尾（设计说这条「少一段交心」，给一句短的代替）
