drop_row_id,drop_group,slot,item_id,item_type,qty_min,qty_max,base_rate,roll_type,pity_count,difficulty_scaled,first_kill_only,note
dr_wolf_01,drop_wolf,1,item_money,money,3,8,1.0,independent,0,0,0,
dr_wolf_02,drop_wolf,2,item_herb,material,1,2,0.25,independent,0,1,0,
dr_boar_01,drop_boar,1,item_money,money,5,12,1.0,independent,0,0,0,
dr_boar_02,drop_boar,2,item_iron,material,1,2,0.30,independent,0,1,0,
dr_herb_01,drop_herbalist,1,item_herb,material,2,4,1.0,independent,0,0,0,
dr_herb_02,drop_herbalist,2,item_potion_small,consumable,1,2,1.0,independent,0,0,0,
dr_thug_01,drop_bd_thug,1,item_money,money,8,18,1.0,independent,0,0,0,
dr_thug_02,drop_bd_thug,2,item_iron,material,1,3,0.30,independent,0,1,0,
dr_thug_03,drop_bd_thug,3,item_potion_small,consumable,1,2,0.20,independent,0,1,0,
dr_thug_05,drop_bd_thug,5,item_bd_uniform,key,1,1,0.08,independent,0,1,0,伪装入寨所需
dr_thug_06,drop_bd_thug,6,item_bd_token,key,1,1,0.06,independent,0,1,0,伪装入寨所需
dr_scout_01,drop_bd_scout,1,item_money,money,9,20,1.0,independent,0,0,0,
dr_scout_02,drop_bd_scout,2,item_iron,material,1,3,0.28,independent,0,1,0,
dr_archer_01,drop_bd_archer,1,item_money,money,10,20,1.0,independent,0,0,0,
dr_archer_03,drop_bd_archer,3,item_potion_qi,consumable,1,2,0.18,independent,0,1,0,
dr_elite_01,drop_bd_elite,1,item_money,money,30,60,1.0,independent,0,0,0,
dr_elite_04,drop_bd_elite,4,item_scroll_wudu,skillbook,1,1,0.10,independent,0,1,0,
dr_lwolf_01,drop_lone_wolf,1,item_money,money,25,50,1.0,independent,0,0,0,
dr_ph_01,drop_bd_poison_hand,1,item_money,money,40,70,1.0,independent,0,0,0,
dr_ph_02,drop_bd_poison_hand,2,item_herb,material,2,4,0.55,independent,0,1,0,
dr_ph_03,drop_bd_poison_hand,3,item_scroll_wudu,skillbook,1,1,0.22,independent,0,1,0,
dr_butcher_01,drop_butcher,1,item_money,money,60,110,1.0,independent,0,0,0,
dr_butcher_03,drop_butcher,3,item_potion_small,consumable,2,3,0.60,independent,0,1,0,
dr_boss_01,drop_bd_boss,1,item_money,money,200,400,1.0,independent,0,0,0,
dr_boss_03,drop_bd_boss,3,item_wine_gourd,key,1,1,0.35,independent,0,1,0,醉刀客隐藏入口
dr_boss_05,drop_bd_boss,5,item_scroll_drunk,skillbook,1,1,0.05,independent,150,1,0,传世150次保底
dr_drunk_01,drop_hidden_drunk,1,item_money,money,500,900,1.0,independent,0,0,0,
dr_drunk_03,drop_hidden_drunk,3,item_scroll_drunk,skillbook,1,1,1.0,independent,0,0,0,必掉隐藏武学残卷
dr_chest_c_01,drop_chest_copper,1,item_iron,material,2,4,1.0,independent,0,0,0,
dr_chest_c_02,drop_chest_copper,2,item_pickaxe,tool,1,1,1.0,independent,0,0,0,前寨柴房产出
dr_chest_c_03,drop_chest_copper,3,item_money,money,20,40,1.0,independent,0,0,0,
dr_chest_s_01,drop_chest_silver,1,item_money,money,60,120,1.0,independent,0,0,0,
dr_chest_s_02,drop_chest_silver,2,eq_acc_02,equip,1,1,1.0,independent,0,0,0,
dr_chest_s_03,drop_chest_silver,3,item_potion_qi,consumable,2,3,1.0,independent,0,0,0,
dr_chest_g_01,drop_chest_gold,1,item_money,money,150,300,1.0,independent,0,0,0,
dr_chest_g_02,drop_chest_gold,2,eq_armor_03,equip,1,1,1.0,independent,0,0,0,珍品保底
dr_chest_g_03,drop_chest_gold,3,item_rusty_sword,key,1,1,0.50,independent,0,0,0,剑气事件需要
dr_chest_s_04,drop_chest_silver,4,eq_sword_02,equip,1,1,1.0,independent,0,0,0,良品剑；箱里出，铁匠铺只卖白板
dr_chest_g_04,drop_chest_gold,4,eq_spear_02,equip,1,1,1.0,independent,0,0,0,良品枪；枪系敌人不存在，只能从箱里拿
dr_shixi_01,drop_shixi_hound,1,item_pelt,material,1,3,0.60,independent,0,1,0,
dr_shixi_02,drop_shixi_hound,2,item_money,money,40,80,1.0,independent,0,0,0,
