enemy_id,slot_id,equip_id,note
en_bd_thug,weapon,eq_blade_01,
en_bd_thug,body,eq_armor_01,
en_bd_scout,weapon,eq_blade_01,
en_bd_scout,body,eq_armor_01,
en_bd_scout,legs,eq_legs_01,
en_bd_archer,weapon,eq_sword_01,
en_bd_archer,belt,eq_belt_01,
en_bd_patrol_leader,weapon,eq_blade_01,
en_bd_patrol_leader,body,eq_armor_02,
en_bd_patrol_leader,belt,eq_belt_01,
en_bd_elite_blade,weapon,eq_sword_03,
en_bd_elite_blade,body,eq_armor_02,
en_bd_elite_blade,shoulder,eq_shoulder_02,
en_bd_poison_hand,weapon,eq_fist_01,
en_bd_poison_hand,body,eq_armor_02,
en_bd_poison_hand,ring,eq_ring_03,
en_bd_butcher,weapon,eq_fist_02,拳法招式必须配拳，同时给良品拳套一个来源
en_bd_butcher,body,eq_armor_03,
en_bd_butcher,legs,eq_legs_02,
en_bd_boss,weapon,eq_sword_03,
en_bd_boss,body,eq_armor_03,
en_bd_boss,belt,eq_belt_02,
en_bd_boss,shoulder,eq_shoulder_02,
en_hidden_drunk,weapon,eq_sword_04,
en_hidden_drunk,body,eq_armor_03,
en_hidden_drunk,ring,eq_ring_02,
en_hidden_drunk,necklace,eq_acc_02,
