equip_id,name_cn,slot,rarity,level_req,element,weapon_type,attr_str,attr_con,attr_agi,attr_int,attr_luk,bonus_atk_phys,bonus_atk_qi,bonus_def_phys,bonus_hp_max,bonus_speed,bonus_crit_rate,bonus_pen_rate,bonus_block_rate,bonus_block_reduction,bonus_dmg_reduction,special_effect,drop_only,desc,icon
eq_sword_01,铁剑,weapon,common,1,external,sword,0,0,0,0,0,6,0,0,0,0,0,0,0,0,0,,0,白板剑，铁匠铺有售,eq_sword_01
eq_sword_02,青锋剑,weapon,fine,5,external,sword,0,0,2,0,0,14,0,0,0,0,0,0.05,0,0,0,,0,,eq_sword_02
eq_sword_03,黑风刀,weapon,fine,7,external,blade,3,0,0,0,0,18,0,0,0,0,0,0,0,0,0,,0,大寨主首杀固定掉落,eq_sword_03
eq_sword_04,锈月,weapon,legend,10,odd,sword,0,0,4,6,6,22,18,0,0,0,0.05,0,0,0,0,effect_rusty_moon,1,隐藏Boss醉刀客掉落,eq_sword_04
eq_fist_01,铁拳套,weapon,common,1,external,fist,2,0,0,0,0,5,0,0,0,0,0,0,0,0,0,,0,白板拳套，破架势向,eq_fist_01
eq_fist_02,乌木拳套,weapon,fine,5,external,fist,4,0,0,0,0,12,0,0,0,0,0,0,0,0,0,,0,,eq_fist_02
eq_blade_01,柴刀,weapon,common,1,external,blade,2,0,0,0,0,6,0,0,0,0,0,0,0,0,0,,0,白板刀,eq_blade_01
eq_spear_01,白蜡杆枪,weapon,common,1,external,spear,0,1,0,0,0,7,0,0,0,0,0,0,0,0,0,,0,白板枪,eq_spear_01
eq_spear_02,铁枪,weapon,fine,6,external,spear,2,2,0,0,0,16,0,0,0,0,0,0,0,0,0,,0,,eq_spear_02
eq_armor_01,布衣,body,common,1,external,,0,1,0,0,0,0,0,4,20,0,0,0,0,0,0,,0,白板身体,eq_armor_01
eq_armor_02,皮甲,body,fine,4,external,,0,3,0,0,0,0,0,12,45,0,0,0,0,0,0,,0,,eq_armor_02
eq_armor_03,山贼皮铠,body,rare,8,external,,1,5,0,0,0,0,0,20,80,0,0,0,0.05,0,0,,0,,eq_armor_03
eq_belt_01,布腰带,belt,common,1,external,,0,1,0,1,0,0,0,0,0,0,0,0,0,0,0,,0,白板腰带,eq_belt_01
eq_belt_02,牛皮腰带,belt,fine,5,external,,0,2,0,2,0,0,0,0,0,0,0,0,0,0,0,,0,,eq_belt_02
eq_shoulder_01,布护肩,shoulder,common,2,external,,0,1,0,0,0,0,0,3,0,0,0,0,0,0,0,,0,白板肩部,eq_shoulder_01
eq_shoulder_02,皮护肩,shoulder,fine,5,external,,0,2,0,0,0,0,0,8,0,0,0,0,0,0.06,0,,0,,eq_shoulder_02
eq_head_01,前代寨主遗物,shoulder,epic,9,external,,2,3,2,0,3,0,0,10,60,0,0.03,0,0,0.10,0,effect_old_chief,1,三火盆密室固定词条,eq_head_01
eq_legs_01,布裤,legs,common,1,external,,0,0,1,0,0,0,0,3,0,0,0,0,0,0,0,,0,白板下装,eq_legs_01
eq_legs_02,皮护腿,legs,fine,5,external,,0,0,3,0,0,0,0,9,0,0,0,0,0,0,0,,0,,eq_legs_02
eq_ring_01,铜戒,ring,common,2,external,,0,0,0,0,1,0,0,0,0,0,0.01,0,0,0,0,,0,白板戒指,eq_ring_01
eq_ring_02,玉戒,ring,fine,6,external,,0,0,0,3,0,0,0,0,0,0,0.02,0,0,0,0,,0,,eq_ring_02
eq_ring_03,淬毒指环,ring,epic,9,odd,,0,0,3,3,4,6,0,0,0,2,0.03,0,0,0,0,effect_poison_amp,1,毒杀毒手掉落,eq_ring_03
eq_acc_01,铜钱串,necklace,common,2,external,,0,0,0,0,1,0,0,0,15,0,0,0,0,0,0,,0,白板项链,eq_acc_01
eq_acc_02,药王玉佩,necklace,rare,6,internal,,0,2,0,4,0,0,0,0,40,0,0,0,0,0,0.03,effect_regen,0,每回合恢复气血,eq_acc_02
eq_ring_04,铁匠印记,ring,rare,6,external,,0,0,0,0,2,0,0,0,0,1,0.02,0,0,0,0,effect_forge_mark,1,王铁独有；好感度兑换,eq_ring_04
eq_acc_03,药王符,necklace,rare,7,internal,,0,2,0,5,0,0,0,0,35,0,0,0,0,0,0.04,effect_herb_lore,1,钱大夫独有；完成他的委托,eq_acc_03
eq_shoulder_03,猎户披肩,shoulder,fine,5,external,,0,1,3,0,2,0,0,6,0,4,0,0,0,0,0,,1,老周独有；治好他的腿,eq_shoulder_03
