point_id,scene_id,room_id,region_id,text_cn
ob_qingfengyi_board_01,scene_qingfengyi,,,新告示的纸边压着半张旧的，浆糊印还没干透。
ob_qingfengyi_board_02,scene_qingfengyi,,,墙上四四方方一块旧浆糊的印子——那儿以前也贴过一张。
ob_dukou_pile_04,scene_ferry_locked,,,渡口封桩上刻着「漕帮」二字，刻缝里嵌着洗不掉的酒渍
ob_qingfengyi_inn_01,scene_qingfengyi,,,门框上一道旧刀痕，比手掌还长——砍的人收了力，像只是要人记住。
ob_qingfengyi_inn_02,scene_qingfengyi,,,刀没有鞘。不是穷得配不起，是舍不得磨——磨了，就不是那把刀了。
ob_qingfengyi_inn_03,scene_qingfengyi,,,桌角压着三颗骰子，点数朝上的那一面被磨得发亮。
ob_luoyanpo_cart_01,,,n_luoyanpo,车辙太浅。十年前若真载着银子，压不出这么浅的印。
ob_luoyanpo_cart_02,,,n_luoyanpo,旗上的字褪得只剩一个「镖」，边上还留着被割断的绳头。
ob_luoyanpo_cart_03,,,n_luoyanpo,车斗里的灰积得均匀——这车空了很久，没人翻过。
ob_huangcun_door_01,scene_huangcun,hc_02,,靴底有钉。寻常山贼，穿草鞋。
ob_huangcun_beam_01,scene_huangcun,hc_02,,梁是先从里头烧起来的；从外头烧，断口不会是那个样子。
ob_huangcun_well_01,scene_huangcun,hc_01,,井沿上的青苔没被踩断过——村里出事那天，没人打过水。
ob_heifengzhai_cell_01,scene_heifengzhai,hf1_cell,,墙上刻满了名字。最新那一道，看着像你的年纪。
ob_heifengzhai_cell_02,scene_heifengzhai,hf1_cell,,铁栏的锈是往下淌的——这道门，比寨子还老。
ob_heifengzhai_cell_03,scene_heifengzhai,hf1_cell,,她数日子是掐着指节的——一个月里，她没断过。
ob_heifengzhai_poison_01,scene_heifengzhai,hf2_poison,,药罐是药王谷的样式，罐底还留着谷里的火印。
ob_heifengzhai_poison_02,scene_heifengzhai,hf2_poison,,这味毒见光就变——把它配出来的人，等的是夜里。
ob_heifengzhai_poison_03,scene_heifengzhai,hf2_poison,,毒手穿的是官靴。他先前，不是山贼。
