level,upgrade_points,exp_to_next,base_hp,base_qi,base_atk_phys,base_atk_qi,base_def_phys,base_def_qi,base_speed
1,5,100,100,40,10,10,5,5,10
2,5,240,108,44,11,11,5.5,5.5,10.5
3,5,420,116,48,12,12,6,6,11
4,5,640,124,52,13,13,6.5,6.5,11.5
5,5,900,132,56,14,14,7,7,12
6,5,1200,140,60,15,15,7.5,7.5,12.5
7,5,1550,148,64,16,16,8,8,13
8,5,1950,156,68,17,17,8.5,8.5,13.5
9,5,2400,164,72,18,18,9,9,14
10,5,2900,172,76,19,19,9.5,9.5,14.5
11,5,3450,180,80,20,20,10,10,15
12,5,4050,188,84,21,21,10.5,10.5,15.5
13,5,4700,196,88,22,22,11,11,16
14,5,5400,204,92,23,23,11.5,11.5,16.5
15,5,6150,212,96,24,24,12,12,17
16,5,6950,220,100,25,25,12.5,12.5,17.5
17,5,7800,228,104,26,26,13,13,18
18,5,8700,236,108,27,27,13.5,13.5,18.5
19,5,9650,244,112,28,28,14,14,19
20,0,0,252,116,29,29,14.5,14.5,19.5
