spawn_id,region_id,team_id,behavior,patrol_path_id,alert_radius,chase_speed,respawn_sec,is_elite,elite_marker,note
sp_lp_wolf_01,n_luoyanpo,team_wolf_pack,wander,,0,0,30,0,,
sp_lp_wolf_02,n_luoyanpo,team_wolf_pack,wander,,0,0,30,0,,
sp_lp_wolf_03,n_luoyanpo,team_wolf_pack,wander,,0,0,30,0,,
sp_lp_boar_01,n_luoyanpo,team_boar_pair,wander,,0,0,35,0,,
sp_lp_patrol_01,n_luoyanpo,team_bandit_patrol,patrol,path_lp_a,4.5,0,45,0,,
sp_lp_patrol_02,n_luoyanpo,team_bandit_patrol,patrol,path_lp_b,4.5,0,45,0,,
sp_lp_lonewolf,n_luoyanpo,team_lone_wolf,chase,,6.0,5.5,180,1,marker_elite_red,野外精英
sp_lp_herbalist,n_luoyanpo,team_herbalist,idle,,0,0,0,0,,中立，不刷新
sp_hf_gate_01,n_heifengzhai,team_gate_sentry,idle,,3.5,0,45,0,,
sp_hf_gate_02,n_heifengzhai,team_gate_sentry,idle,,3.5,0,45,0,,
sp_hf_tower,n_heifengzhai,team_tower_archer,idle,,7.0,0,60,0,,居高临下
sp_hf_relief_01,n_heifengzhai,team_relief_guard,patrol,path_hf_a,4.0,0,50,0,,
sp_hf_relief_02,n_heifengzhai,team_relief_guard,patrol,path_hf_b,4.0,0,50,0,,
sp_hc_brigand_01,n_huangcun,team_bandit_patrol,wander,,0,0,40,0,,
sp_hc_brigand_02,n_huangcun,team_relief_guard,wander,,0,0,40,0,,
sp_hc_butcher,n_huangcun,team_butcher,chase,,5.0,4.5,240,1,marker_elite_red,野外精英
sp_hc_sleeper,n_huangcun,team_sleeping_drunk,sleep,,0,0,60,0,,沉睡，可绕开
