set_id,member_id,note
set_heifeng,eq_sword_03,黑风刀
set_heifeng,eq_armor_03,山贼皮铠
set_heifeng,eq_ring_03,淬毒指环
set_heifeng,eq_head_01,前代寨主遗物
set_xuanwei_sword,sk_xuanwei_01,玄微剑法·起手
set_xuanwei_sword,sk_xuanwei_02,玄微剑法·撩云
set_xuanwei_sword,sk_xuanwei_03,玄微剑法·穿云式
set_xuanwei_sword,sk_xuanwei_04,玄微剑法·回风
set_xuanwei_sword,sk_xuanwei_05,玄微剑法·点星
set_xuanwei_qi,pf_xuanwei_01,玄微心法·引气
set_xuanwei_qi,pf_xuanwei_02,玄微心法·凝神
set_xuanwei_qi,pf_xuanwei_03,玄微心法·守一
set_xuanwei_qi,pf_xuanwei_04,玄微心法·周天
set_xuanwei_qi,pf_xuanwei_05,玄微心法·太清
