skill_id,name_cn,skill_kind,school_id,star,weapon_type,learn_req_attr,learn_req_value,source_type,source_id,desc
sk_xuanwei_01,玄微剑法·起手,active,xuanwei,1,sword,,,start,,开局自带
sk_xuanwei_02,玄微剑法·撩云,active,xuanwei,1,sword,,,npc,xuanwei,门派传授
sk_xuanwei_03,玄微剑法·穿云式,active,xuanwei,2,sword,,,npc,xuanwei,门派传授
sk_xuanwei_04,玄微剑法·回风,active,xuanwei,2,sword,,,npc,xuanwei,门派传授
sk_xuanwei_05,玄微剑法·点星,active,xuanwei,3,sword,wu,12,drop,en_bd_patrol_leader,
sk_xuanwei_06,玄微剑法·分水,active,xuanwei,3,sword,wu,12,story,xuanwei,门派支线
sk_xuanwei_07,玄微剑法·落雁,active,xuanwei,4,sword,wu,18,hidden,trig_brazier,三火盆密室
sk_xuanwei_08,玄微剑法·长歌,active,xuanwei,5,sword,wu,25,story,chapter1_end,第一章末
sk_xuanwei_qi_01,玄微心法·一指,active,xuanwei,2,sword,int,8,npc,xuanwei,内功系指法，仍占招式槽
sk_chensha_01,沉沙掌·推山,active,chensha,1,fist,,,shop,bld_smith,
sk_chensha_02,沉沙掌·裂石,active,chensha,2,fist,,,drop,en_bd_thug,
sk_chensha_03,沉沙掌·翻江,active,chensha,3,fist,str,12,drop,en_bd_elite_blade,
sk_chensha_04,沉沙掌·没羽,active,chensha,4,fist,str,18,drop,en_bd_butcher,
sk_wudu_01,五毒散手,active,wudu,1,fist,,,npc,yaowang,
sk_wudu_02,五毒掌·瘴,active,wudu,2,fist,,,drop,en_bd_poison_hand,
sk_wudu_03,五毒掌·蚀骨,active,wudu,3,fist,int,12,item,item_scroll_wudu,五毒残页
sk_wudu_04,五毒掌·化血,active,wudu,4,fist,int,18,hidden,trig_poison_kill,毒杀毒手
sk_bandit_slash,黑风刀法·乱劈,active,heifeng,1,blade,,,drop,en_bd_thug,
sk_bandit_scout,黑风刀法·劈山,active,heifeng,2,blade,,,drop,en_bd_scout,
sk_boss_zhangfeng,黑风刀法·斩风,active,heifeng,3,blade,str,12,drop,en_bd_boss,
sk_boss_hengsao,黑风刀法·横扫,active,heifeng,3,blade,str,12,drop,en_bd_boss,
sk_heifeng_01,黑风刀法·夜雨,active,heifeng,4,blade,str,18,drop,en_bd_boss,
sk_spear_01,铁枪诀·直刺,active,tieqiang,1,spear,,,shop,bld_smith,
sk_spear_02,铁枪诀·回马,active,tieqiang,2,spear,,,npc,post_station,
sk_spear_03,铁枪诀·穿心,active,tieqiang,3,spear,str,12,drop,en_bd_patrol_leader,
sk_spear_04,铁枪诀·定军,active,tieqiang,4,spear,con,18,hidden,trig_stealth_clear,潜行入寨
sk_liehuo_01,烈火掌·引火,active,liehuo,2,fist,,,shop,bld_grocery,
sk_liehuo_02,烈火掌·燎原,active,liehuo,3,fist,int,12,drop,en_bd_butcher,
sk_liehuo_03,烈火掌·焚心,active,liehuo,4,fist,int,18,drop,en_hidden_drunk,
sk_drunk_zuibu,醉里乾坤·醉步,active,zuidj,3,sword,wu,12,hidden,trig_wine,醉刀客
sk_drunk_jiuzhongdao,醉里乾坤·酒中刀,active,zuidj,4,sword,wu,18,hidden,trig_wine,醉刀客
sk_drunk_01,醉里乾坤·颠倒,active,zuidj,5,sword,wu,25,drop,en_hidden_drunk,醉刀客二阶段
sk_common_01,连环腿,active,common,1,any,,,start,,开局可选
sk_common_02,破军式,active,common,3,any,str,12,story,chapter1_end,任意武器通用
sk_bandit_arrow,冷箭,active,bandit,1,any,,,drop,en_bd_archer,敌方专用
pf_xuanwei_01,玄微心法·引气,passive,xuanwei,1,,,,start,,开局自带
pf_xuanwei_02,玄微心法·凝神,passive,xuanwei,1,,,,npc,xuanwei,
pf_xuanwei_03,玄微心法·守一,passive,xuanwei,2,,gen,8,npc,xuanwei,
pf_xuanwei_04,玄微心法·周天,passive,xuanwei,3,,gen,12,story,xuanwei,
pf_xuanwei_05,玄微心法·太清,passive,xuanwei,5,,gen,25,story,chapter1_end,
pf_wudu_01,五毒心法·引毒,passive,wudu,1,,,,npc,yaowang,
pf_wudu_02,五毒心法·腐肌,passive,wudu,2,,gen,8,drop,en_bd_poison_hand,
pf_wudu_03,五毒心法·蚀脉,passive,wudu,3,,gen,12,item,item_scroll_wudu,
pf_wudu_04,五毒心法·万蛊,passive,wudu,4,,gen,18,hidden,trig_poison_kill,
pf_heifeng_01,黑风心法·蛮力,passive,heifeng,1,,,,drop,en_bd_thug,
pf_heifeng_02,黑风心法·铁骨,passive,heifeng,2,,gen,8,drop,en_bd_elite_blade,
pf_heifeng_03,黑风心法·悍勇,passive,heifeng,3,,gen,12,drop,en_bd_boss,
pf_chensha_01,沉沙心法·厚土,passive,chensha,2,,gen,8,shop,bld_smith,
pf_chensha_02,沉沙心法·磐石,passive,chensha,3,,gen,12,drop,en_bd_butcher,
pf_chensha_03,沉沙心法·开碑,passive,chensha,4,,gen,18,drop,en_bd_butcher,
pf_tieqiang_01,铁枪心法·长驱,passive,tieqiang,2,,gen,8,npc,post_station,
pf_tieqiang_02,铁枪心法·定军,passive,tieqiang,3,,gen,12,drop,en_bd_patrol_leader,
pf_yaowang_01,药王心法·养生,passive,yaowang,1,,,,npc,yaowang,
pf_yaowang_02,药王心法·续命,passive,yaowang,3,,gen,12,story,yaowang,
pf_yaowang_03,药王心法·百草,passive,yaowang,4,,gen,18,hidden,ev_cell_heal,救治被囚村民
pf_taixu_01,太虚功·静心,passive,taixu,2,,gen,8,shop,bld_tavern,
pf_luohan_01,罗汉功·铁布衫,passive,luohan,3,,gen,12,drop,en_bd_lone_wolf,
pf_drunk_01,醉里乾坤·醉意,passive,zuidj,4,,gen,18,hidden,trig_wine,
pf_drunk_02,醉里乾坤·忘忧,passive,zuidj,5,,gen,25,drop,en_hidden_drunk,
pf_yipian_01,遗篇·归元,passive,yipian,5,,gen,25,item,item_scroll_yipian,前朝遗篇；第一章最高品质内功之一，只能从石隙迷窟拿
pf_xuanwei_zhbai,玄微心法·知白,passive,xuanwei,4,,int,18,origin,opp_scholar,书生本命机遇（清风驿书铺·书箱底）
pf_chensha_buhuan,沉沙心法·不还,passive,chensha,4,,str,18,origin,opp_gang,林铁山本命机遇（落雁坡旧镖车·车底暗格）
pf_wudu_huandu,五毒心法·还毒,passive,wudu,4,,int,18,origin,opp_du,苏九娘本命机遇（荒村验毒·老药人送匣）
pf_qingluo_ying,青骡心法·影,passive,qingluo,4,,agi,18,origin,opp_ci,燕小七本命机遇（黑风寨后寨·义兄刀鞘）
pf_tiaoxi_huichun,调息诀·回春,passive,tiaoxi,4,,con,18,origin,opp_qi,白清和本命机遇（清风驿复命·沈雁回补方）
