skill_id,element,damage_type,power_ratio,qi_cost,poise_damage,hit_count,target_type,status_id,status_chance_mul,cooldown
sk_xuanwei_01,external,dmg_normal,1.0,0,8,1,single,,,0
sk_xuanwei_02,external,dmg_normal,1.4,8,14,1,single,,,0
sk_xuanwei_03,external,dmg_normal,1.6,12,18,1,single,,,0
sk_xuanwei_04,external,dmg_normal,1.5,10,16,1,single,,,0
sk_xuanwei_05,external,dmg_normal,2.0,16,22,1,single,,,2
sk_xuanwei_06,external,dmg_normal,2.0,16,24,1,single,,,2
sk_xuanwei_07,external,dmg_normal,2.6,22,30,1,single,bleed,1.0,3
sk_xuanwei_08,external,dmg_normal,3.2,30,38,1,single,,,4
sk_xuanwei_qi_01,internal,dmg_normal,1.5,12,6,1,single,,,0
sk_chensha_01,external,dmg_normal,1.0,6,14,1,single,,,0
sk_chensha_02,external,dmg_normal,1.4,10,20,1,single,,,0
sk_chensha_03,external,dmg_normal,1.9,16,28,1,single,,,2
sk_chensha_04,external,dmg_normal,2.4,22,36,1,single,,,3
sk_wudu_01,odd,dmg_normal,0.8,10,4,1,single,poison,1.5,0
sk_wudu_02,odd,dot_poison,0.6,14,4,1,single,poison,2.0,2
sk_wudu_03,odd,dot_poison,0.9,18,6,1,single,poison,2.2,3
sk_wudu_04,odd,dot_poison,1.2,24,8,1,single,poison,2.5,4
sk_bandit_slash,external,dmg_normal,1.0,4,10,1,single,,,0
sk_bandit_scout,external,dmg_normal,1.5,10,18,1,single,,,0
sk_boss_zhangfeng,external,dmg_normal,2.1,16,22,1,single,,,2
sk_boss_hengsao,external,dmg_normal,1.3,14,16,3,all_enemy,,,3
sk_heifeng_01,external,dmg_normal,2.5,22,30,2,single,bleed,1.0,3
sk_spear_01,external,dmg_normal,1.1,6,12,1,single,,,0
sk_spear_02,external,dmg_normal,1.5,10,18,1,single,,,0
sk_spear_03,external,dmg_normal,2.0,16,26,1,single,bleed,0.8,2
sk_spear_04,external,dmg_normal,1.4,20,20,2,all_enemy,,,4
sk_liehuo_01,odd,dot_burn,0.8,12,8,1,single,burn,1.5,0
sk_liehuo_02,odd,dot_burn,1.1,18,10,1,single,burn,2.0,2
sk_liehuo_03,odd,dot_burn,1.5,24,12,1,single,burn,2.5,4
sk_drunk_zuibu,odd,,0,0,0,0,self,,,3
sk_drunk_jiuzhongdao,odd,dmg_normal,2.5,22,22,1,single,internal,1.5,2
sk_drunk_01,odd,dmg_normal,3.4,32,40,1,single,internal,2.0,5
sk_common_01,external,dmg_normal,1.0,0,10,1,single,,,0
sk_common_02,external,dmg_normal,2.0,16,26,1,single,,,2
sk_bandit_arrow,external,dmg_normal,0.9,0,4,1,single,,,0
