talent_id,target,value,note
tal_sword_bone,stat:atk_phys,0.10,仅剑系招式生效
tal_sword_bone,rule:bonus_skill,1,额外一部剑法
tal_wu_chi,rule:mastery_gain,0.30,
tal_yi_tong,stat:passive_capacity,1,
tal_wu_jian,rule:learn_req_reduce,3,
tal_dan_shi,rule:skill_damage,0.15,
tal_dan_shi,stat:res_internal,-0.20,
tal_shen_li,attr:str,4,
tal_shen_li,attr:agi,-2,
tal_tie_gu,attr:con,4,
tal_tie_gu,attr:agi,-2,
tal_jiu_ming,stat:hp_max,0.15,百分比
tal_jiu_ming,rule:defeat_heal_bonus,1,
tal_tie_shen,stat:res_internal,0.10,
tal_qing_yan,attr:agi,4,
tal_qing_yan,attr:con,-2,
tal_yan_ji,stat:crit_rate,0.05,
tal_yan_ji,stat:hit_rate,0.05,
tal_xian_fa,rule:first_round_priority,1,
tal_guo_mu,attr:int,4,
tal_guo_mu,attr:str,-2,
tal_hui_gen,attr:wu,3,
tal_dao_ti,attr:gen,3,
tal_jing_xin,stat:qi_regen,0.20,百分比
tal_jian_duo,rule:event_check_bonus,1,
tal_san_cun,rule:event_check_bonus_wenxue,2,
tal_xuan_hu,rule:event_check_bonus_yishu,2,
tal_bai_xiao,rule:event_check_difficulty,2,
tal_jia_di,rule:start_money,500,
tal_guo_ri,rule:shop_buy_price,0.10,
tal_cai_mi,stat:drop_rate,0.10,
tal_cang_shu,rule:codex_bonus_multiplier,2,
